estadoOrigem,estadoDestino,distancia,cidadeOrigem,cidadeDestino,tempoViagem
SC,TO,2354,BLUMENAU,PALMAS,28h 0min
RJ,PE,2297,NITEROI,RECIFE,27h 0min
RJ,BA,1842,PARATY,SALVADOR,22h 56min
SE,MS,3099,ARACAJU,CAMPO GRANDE,36h 0min
SP,RS,1536,CAMPOS DO JORDAO,RIO GRANDE,18h 23min
PR,PB,3771,FOZ DO IGUACU,JOAO PESSOA,
RS,PR,617,BENTO GONCALVES,CURITIBA,7h 50min
AP,RO,3959,MACAPA,PORTO VELHO,
PA,RN,2084,BELEM,NATAL,27h 0min
CE,RO,4233,FORTALEZA,PORTO VELHO,65h 0min
MG,RJ,342,MARIANA,PETROPOLIS,4h 22min
AP,PE,2574,MACAPA,OLINDA,
RJ,RS,1800,NITEROI,RIO GRANDE,20h 55min
RS,SP,1344,PORTO ALEGRE,SAO CARLOS,13h 57min
CE,SP,2976,FORTALEZA,LIMEIRA,35h 0min
MG,CE,2347,BELO HORIZONTE,FORTALEZA,29h 0min
MS,PI,2703,CAMPO GRANDE,TERESINA,39h 0min
DF,MG,423,BRASILIA,UBERLANDIA,4h 59min
RR,GO,4159,BOA VISTA,CALDAS NOVAS,59h 0min
MT,BA,2535,CUIABA,PORTO SEGURO,
DF,MA,1997,BRASILIA,SAO LUIS,29h 0min
SC,RJ,909,BLUMENAU,PARATY,10h 50min
TO,ES,2038,PALMAS,VITORIA,27h 0min
MG,GO,875,BELO HORIZONTE,GOIANIA,9h 6min
SE,RR,5894,ARACAJU,BOA VISTA,83h 0min
SP,SP,288,ARARAQUARA,SAO PAULO,2h 53min
MT,MG,1048,CUIABA,UBERLANDIA,
SP,SP,128,ARARAQUARA,LIMEIRA,1h 27min
GO,SP,835,CALDAS NOVAS,SANTOS,9h 6min
PR,SP,398,CURITIBA,SANTOS,
SP,BA,1624,HOLAMBRA,PORTO SEGURO,19h 14min
MT,SP,1330,CUIABA,RIBEIRAO PRETO,16h 25min
SP,PE,2567,ARARAQUARA,OLINDA,33h 0min
MG,RJ,616,MARIANA,PARATY,
SE,MG,1827,ARACAJU,UBERABA,25h 0min
MT,SC,2019,CUIABA,FLORIANOPOLIS,24h 0min
SC,PI,3237,BLUMENAU,TERESINA,42h 0min
BA,PE,1389,PORTO SEGURO,RECIFE,16h 23min
PA,MS,3118,BELEM,BONITO,
CE,RS,4124,FORTALEZA,PORTO ALEGRE,47h 0min
DF,SP,862,BRASILIA,LIMEIRA,9h 16min
RS,PB,3786,GRAMADO,JOAO PESSOA,45h 0min
SP,SP,266,CAMPOS DO JORDAO,HOLAMBRA,2h 55min
SP,SP,225,LIMEIRA,SANTOS,2h 29min
PA,PE,2036,BELEM,RECIFE,29h 0min
RN,SP,3051,NATAL,SAO CARLOS,36h 0min
MG,RS,1755,OURO PRETO,PORTO ALEGRE,
GO,RS,1968,GOIANIA,GRAMADO,21h 42min
PA,RR,3844,BELEM,BOA VISTA,73h 0min
SP,MG,343,LIMEIRA,UBERABA,3h 29min
MS,ES,2115,BONITO,VITORIA,24h 0min
RS,MG,1644,BENTO GONCALVES,OURO PRETO,19h 27min
CE,RS,4346,FORTALEZA,RIO GRANDE,51h 0min
DF,BA,1460,BRASILIA,PORTO SEGURO,20h 35min
SE,SP,2269,ARACAJU,SANTOS,26h 0min
RJ,AC,3724,PARATY,RIO BRANCO,49h 0min
RS,PE,3674,GRAMADO,OLINDA,43h 0min
MG,SP,518,BELO HORIZONTE,RIBEIRAO PRETO,7h 32min
SE,RJ,1810,ARACAJU,NITEROI,22h 11min
PR,SP,1108,FOZ DO IGUACU,SANTOS,11h 47min
SE,CE,1122,ARACAJU,FORTALEZA,14h 37min
AM,RS,4808,MANAUS,PORTO ALEGRE,63h 0min
MS,SP,1019,CAMPO GRANDE,HOLAMBRA,11h 0min
RS,MT,2022,BENTO GONCALVES,CUIABA,28h 0min
SP,RO,2842,LIMEIRA,PORTO VELHO,38h 0min
RS,SP,1651,RIO GRANDE,SAO CARLOS,17h 42min
MG,RS,1988,MARIANA,RIO GRANDE,23h 55min
MT,ES,2319,CUIABA,VITORIA,28h 0min
MG,BA,1379,OURO PRETO,SALVADOR,17h 37min
MG,SP,493,BELO HORIZONTE,CAMPOS DO JORDAO,
RS,SC,548,BENTO GONCALVES,FLORIANOPOLIS,5h 53min
RS,RJ,1468,BENTO GONCALVES,NITEROI,16h 49min
SP,SP,93,LIMEIRA,SAO CARLOS,1h 4min
RS,CE,3944,BENTO GONCALVES,FORTALEZA,47h 0min
SP,PE,2688,LIMEIRA,OLINDA,31h 0min
MS,AM,3050,CAMPO GRANDE,MANAUS,44h 0min
RN,RJ,2596,NATAL,RIO DE JANEIRO,31h 0min
AP,RJ,3582,MACAPA,PETROPOLIS,
MT,RJ,1948,CUIABA,PETROPOLIS,23h 44min
MS,SC,1321,CAMPO GRANDE,FLORIANOPOLIS,15h 13min
CE,MG,2350,FORTALEZA,OURO PRETO,29h 0min
SP,ES,940,SAO PAULO,VITORIA,11h 16min
PE,RS,4058,OLINDA,RIO GRANDE,48h 0min
PE,PI,1132,OLINDA,TERESINA,16h 35min
PA,AM,3067,BELEM,MANAUS,62h 0min
AP,PE,2570,MACAPA,RECIFE,68h 0min
SP,AP,3604,CAMPOS DO JORDAO,MACAPA,80h 0min
PA,SP,3004,BELEM,SANTOS,40h 0min
RS,RS,433,GRAMADO,RIO GRANDE,5h 59min
PB,RS,4167,JOAO PESSOA,RIO GRANDE,49h 0min
MG,MS,1745,BELO HORIZONTE,BONITO,19h 11min
RR,DF,4263,BOA VISTA,BRASILIA,60h 0min
RN,RS,4335,NATAL,RIO GRANDE,51h 0min
MS,PE,3598,CAMPO GRANDE,RECIFE,41h 0min
BA,PI,1746,PORTO SEGURO,TERESINA,22h 59min
MG,SP,591,BELO HORIZONTE,SAO PAULO,6h 15min
CE,PI,592,FORTALEZA,TERESINA,8h 53min
PR,RJ,1466,FOZ DO IGUACU,RIO DE JANEIRO,15h 24min
RN,ES,2132,NATAL,VITORIA,25h 0min
PA,AL,2095,BELEM,MACEIO,30h 0min
PR,MA,3390,FOZ DO IGUACU,SAO LUIS,45h 0min
CE,ES,2176,FORTALEZA,VITORIA,
PB,SP,2809,JOAO PESSOA,SAO PAULO,33h 0min
MS,RJ,1617,BONITO,NITEROI,17h 52min
RN,RS,4112,NATAL,PORTO ALEGRE,
AL,TO,1894,MACEIO,PALMAS,26h 0min
PR,MG,1039,CURITIBA,MARIANA,12h 1min
AL,RJ,2288,MACEIO,PARATY,
CE,RJ,2541,FORTALEZA,PETROPOLIS,30h 0min
PE,BA,821,OLINDA,SALVADOR,
SP,PI,2512,LIMEIRA,TERESINA,34h 0min
PR,SP,986,FOZ DO IGUACU,LIMEIRA,10h 53min
MT,BA,2581,CUIABA,SALVADOR,34h 0min
RJ,MG,891,NITEROI,UBERABA,9h 1min
MG,PE,2055,BELO HORIZONTE,OLINDA,25h 0min
RS,PE,3668,GRAMADO,RECIFE,43h 0min
PB,MA,1573,JOAO PESSOA,SAO LUIS,19h 51min
RS,RJ,1491,GRAMADO,NITEROI,17h 3min
SP,PI,2428,ARARAQUARA,TERESINA,34h 0min
SP,RJ,694,ARARAQUARA,PETROPOLIS,7h 20min
AP,RJ,3651,MACAPA,RIO DE JANEIRO,81h 0min
MS,RS,1761,CAMPO GRANDE,PORTO ALEGRE,19h 30min
MT,RJ,1931,CUIABA,RIO DE JANEIRO,23h 25min
MG,BA,955,OURO PRETO,PORTO SEGURO,13h 33min
GO,MG,175,CALDAS NOVAS,UBERLANDIA,2h 31min
AL,MG,2085,MACEIO,UBERABA,
MS,RJ,1428,CAMPO GRANDE,PETROPOLIS,15h 24min
RO,MG,2505,PORTO VELHO,UBERLANDIA,33h 0min
SP,RS,1646,RIBEIRAO PRETO,RIO GRANDE,19h 7min
MG,RS,1604,BELO HORIZONTE,BENTO GONCALVES,18h 36min
TO,AC,3466,PALMAS,RIO BRANCO,50h 0min
AL,RS,3600,MACEIO,PORTO ALEGRE,41h 0min
MG,MS,1544,BELO HORIZONTE,CAMPO GRANDE,16h 27min
MG,MG,599,OURO PRETO,UBERABA,8h 14min
MS,RN,3884,CAMPO GRANDE,NATAL,45h 0min
RJ,PI,2835,PARATY,TERESINA,36h 0min
RS,ES,2075,PORTO ALEGRE,VITORIA,
PA,PB,2237,BELEM,JOAO PESSOA,29h 0min
RS,AM,4581,GRAMADO,MANAUS,
SC,RS,471,FLORIANOPOLIS,GRAMADO,5h 6min
PE,MG,2292,RECIFE,UBERLANDIA,30h 0min
SP,RJ,367,CAMPOS DO JORDAO,PETROPOLIS,4h 22min
DF,SP,906,BRASILIA,HOLAMBRA,9h 48min
SP,MG,446,LIMEIRA,UBERLANDIA,4h 28min
MG,RO,3263,BELO HORIZONTE,PORTO VELHO,41h 0min
MS,SP,1054,CAMPO GRANDE,SANTOS,
GO,RJ,1178,CALDAS NOVAS,PETROPOLIS,
MS,RN,4085,BONITO,NATAL,47h 0min
RO,PI,3645,PORTO VELHO,TERESINA,57h 0min
SP,MA,2735,ARARAQUARA,SAO LUIS,36h 0min
MT,MG,1160,CUIABA,UBERABA,14h 47min
SP,AC,3348,LIMEIRA,RIO BRANCO,44h 0min
GO,AP,2518,GOIANIA,MACAPA,69h 0min
RS,TO,2771,BENTO GONCALVES,PALMAS,33h 0min
CE,PE,771,FORTALEZA,OLINDA,9h 34min
SC,MG,1311,FLORIANOPOLIS,OURO PRETO,14h 47min
SE,SC,2902,ARACAJU,FLORIANOPOLIS,33h 0min
SP,PE,2452,BARRETOS,OLINDA,32h 0min
SP,BA,1988,HOLAMBRA,SALVADOR,23h 51min
MT,AL,3027,CUIABA,MACEIO,40h 0min
SP,RN,2826,CAMPOS DO JORDAO,NATAL,34h 0min
MG,GO,807,BELO HORIZONTE,CALDAS NOVAS,8h 50min
BA,SP,1592,PORTO SEGURO,SANTOS,19h 8min
SP,MG,483,SAO PAULO,UBERABA,4h 53min
AM,MG,3509,MANAUS,UBERABA,
SP,AC,3632,CAMPOS DO JORDAO,RIO BRANCO,47h 0min
MT,RS,2459,CUIABA,PORTO ALEGRE,28h 0min
SP,PR,729,BARRETOS,CURITIBA,8h 49min
AP,RS,4571,MACAPA,PORTO ALEGRE,90h 0min
SP,SP,178,CAMPOS DO JORDAO,SAO PAULO,2h 9min
MS,SP,816,CAMPO GRANDE,RIBEIRAO PRETO,10h 16min
GO,RO,2490,CALDAS NOVAS,PORTO VELHO,33h 0min
SP,PB,2679,ARARAQUARA,JOAO PESSOA,34h 0min
RN,RO,4995,NATAL,PORTO VELHO,
RJ,BA,1091,NITEROI,PORTO SEGURO,13h 42min
PR,RS,640,CURITIBA,GRAMADO,8h 4min
SP,RJ,385,LIMEIRA,PARATY,4h 58min
SC,AC,3934,FLORIANOPOLIS,RIO BRANCO,
RS,BA,2579,GRAMADO,PORTO SEGURO,30h 0min
RR,RS,5407,BOA VISTA,GRAMADO,74h 0min
AM,AC,1405,MANAUS,RIO BRANCO,21h 48min
SC,GO,1612,FLORIANOPOLIS,GOIANIA,
SE,AP,2582,ARACAJU,MACAPA,69h 0min
SP,RJ,833,BARRETOS,NITEROI,8h 33min
PI,ES,2196,TERESINA,VITORIA,
MG,RO,3166,OURO PRETO,PORTO VELHO,42h 0min
SE,MA,1572,ARACAJU,SAO LUIS,22h 59min
RR,CE,5099,BOA VISTA,FORTALEZA,89h 0min
PR,RS,936,FOZ DO IGUACU,RIO GRANDE,14h 0min
SC,RR,5012,BLUMENAU,BOA VISTA,70h 0min
SP,SP,316,RIBEIRAO PRETO,SAO PAULO,
PR,BA,2353,CURITIBA,SALVADOR,
MG,RS,1627,BELO HORIZONTE,GRAMADO,18h 51min
RS,MG,1485,BENTO GONCALVES,UBERABA,16h 40min
SP,MG,681,LIMEIRA,OURO PRETO,7h 41min
SP,GO,533,ARARAQUARA,CALDAS NOVAS,6h 5min
CE,SP,2952,FORTALEZA,HOLAMBRA,35h 0min
CE,MG,2343,FORTALEZA,MARIANA,29h 0min
AP,MG,3343,MACAPA,OURO PRETO,78h 0min
GO,SP,659,CALDAS NOVAS,HOLAMBRA,7h 20min
RJ,BA,1569,PETROPOLIS,SALVADOR,
SP,SP,377,CAMPOS DO JORDAO,SAO CARLOS,
SP,GO,476,BARRETOS,GOIANIA,6h 0min
GO,BA,1532,CALDAS NOVAS,PORTO SEGURO,21h 58min
MS,RJ,1475,BONITO,PARATY,17h 2min
DF,RS,2031,BRASILIA,GRAMADO,
PR,SP,945,FOZ DO IGUACU,SAO CARLOS,10h 26min
CE,SP,3051,FORTALEZA,SANTOS,36h 0min
RS,AL,3417,BENTO GONCALVES,MACEIO,
PA,GO,1984,BELEM,GOIANIA,30h 0min
RS,MG,2004,RIO GRANDE,UBERLANDIA,21h 6min
AC,PI,4151,RIO BRANCO,TERESINA,63h 0min
MG,AP,3219,BELO HORIZONTE,MACAPA,76h 0min
SC,GO,1342,BLUMENAU,CALDAS NOVAS,14h 53min
AM,SP,3890,MANAUS,SAO PAULO,54h 0min
RJ,SP,550,PARATY,RIBEIRAO PRETO,6h 35min
SE,AL,268,ARACAJU,MACEIO,3h 13min
SP,RS,1258,LIMEIRA,PORTO ALEGRE,13h 20min
PE,SP,2478,RECIFE,RIBEIRAO PRETO,32h 0min
AM,MG,4282,MANAUS,OURO PRETO,57h 0min
SP,SP,247,SAO CARLOS,SAO PAULO,2h 29min
AP,AC,4470,MACAPA,RIO BRANCO,69h 0min
RJ,PE,2244,PETROPOLIS,RECIFE,27h 0min
PE,SP,2700,OLINDA,SAO PAULO,31h 0min
MG,SP,655,BELO HORIZONTE,SANTOS,
MG,BA,1371,MARIANA,SALVADOR,17h 26min
SP,MS,1003,BARRETOS,BONITO,13h 10min
RO,AC,510,PORTO VELHO,RIO BRANCO,6h 48min
PA,RO,2571,BELEM,PORTO VELHO,52h 0min
SP,SP,312,SANTOS,SAO CARLOS,3h 18min
SP,SP,457,CAMPOS DO JORDAO,RIBEIRAO PRETO,4h 48min
MG,MG,134,BELO HORIZONTE,OURO PRETO,1h 57min
PE,MG,2315,RECIFE,UBERABA,30h 0min
SC,PB,3430,FLORIANOPOLIS,JOAO PESSOA,40h 0min
AC,SP,3580,RIO BRANCO,SANTOS,47h 0min
SC,SP,818,BLUMENAU,SAO CARLOS,9h 6min
GO,MA,2185,CALDAS NOVAS,SAO LUIS,31h 0min
PA,RS,4037,BELEM,PORTO ALEGRE,51h 0min
SC,RS,681,FLORIANOPOLIS,RIO GRANDE,8h 43min
BA,MG,1638,SALVADOR,UBERABA,22h 50min
DF,PR,1705,BRASILIA,FOZ DO IGUACU,18h 23min
SC,ES,1633,FLORIANOPOLIS,VITORIA,
GO,TO,827,GOIANIA,PALMAS,12h 19min
MS,SP,982,CAMPO GRANDE,SAO PAULO,10h 38min
MG,RJ,447,BELO HORIZONTE,NITEROI,
MG,RS,1712,BELO HORIZONTE,PORTO ALEGRE,18h 16min
MG,PR,1617,BELO HORIZONTE,FOZ DO IGUACU,16h 42min
RJ,BA,1343,PARATY,PORTO SEGURO,
RS,MG,1901,RIO GRANDE,UBERABA,20h 7min
SP,SP,42,ARARAQUARA,SAO CARLOS,0h 30min
SP,MG,273,SAO CARLOS,UBERABA,
PR,MG,1652,FOZ DO IGUACU,OURO PRETO,
MS,GO,1277,BONITO,CALDAS NOVAS,17h 2min
RO,ES,3776,PORTO VELHO,VITORIA,48h 0min
DF,MT,1135,BRASILIA,CUIABA,14h 14min
SC,SP,806,FLORIANOPOLIS,HOLAMBRA,8h 38min
RS,SP,1129,PORTO ALEGRE,SAO PAULO,
MS,RJ,1629,BONITO,PETROPOLIS,18h 8min
AM,SP,3679,MANAUS,RIBEIRAO PRETO,51h 0min
SP,SP,77,SANTOS,SAO PAULO,
SP,ES,1332,BARRETOS,VITORIA,15h 6min
RS,ES,2381,RIO GRANDE,VITORIA,26h 0min
SP,RS,1547,BARRETOS,PORTO ALEGRE,16h 6min
GO,MA,2017,GOIANIA,SAO LUIS,29h 0min
SP,ES,1220,RIBEIRAO PRETO,VITORIA,13h 56min
MG,SP,709,MARIANA,SANTOS,
SP,PI,2651,SAO PAULO,TERESINA,36h 0min
SP,MG,776,BARRETOS,MARIANA,10h 14min
CE,SP,3063,FORTALEZA,SAO CARLOS,36h 0min
MS,SP,1254,BONITO,SANTOS,14h 12min
MG,RN,2332,MARIANA,NATAL,28h 0min
RS,RJ,1480,BENTO GONCALVES,PETROPOLIS,17h 5min
MS,PR,705,CAMPO GRANDE,FOZ DO IGUACU,10h 0min
SP,BA,2007,LIMEIRA,SALVADOR,24h 0min
MG,PE,2054,OURO PRETO,RECIFE,25h 0min
RJ,MA,3058,RIO DE JANEIRO,SAO LUIS,40h 0min
PB,SP,2872,JOAO PESSOA,SANTOS,34h 0min
MS,ES,1915,CAMPO GRANDE,VITORIA,21h 41min
SC,GO,1527,BLUMENAU,GOIANIA,16h 0min
CE,MG,2609,FORTALEZA,UBERABA,
PR,RN,3314,CURITIBA,NATAL,
RJ,PI,2615,NITEROI,TERESINA,33h 0min
SC,AM,4319,FLORIANOPOLIS,MANAUS,59h 0min
SC,MA,3628,FLORIANOPOLIS,SAO LUIS,46h 0min
PR,RO,3127,CURITIBA,PORTO VELHO,41h 0min
MT,RJ,1764,CUIABA,PARATY,22h 40min
SE,RS,3257,ARACAJU,GRAMADO,
MS,RO,2159,CAMPO GRANDE,PORTO VELHO,29h 0min
AM,RO,893,MANAUS,PORTO VELHO,15h 2min
MG,SC,1272,BELO HORIZONTE,FLORIANOPOLIS,
GO,AP,2685,CALDAS NOVAS,MACAPA,
MS,GO,1138,BONITO,GOIANIA,15h 46min
PA,RS,3952,BELEM,GRAMADO,
RS,SP,1172,GRAMADO,LIMEIRA,
SC,SP,903,FLORIANOPOLIS,SAO CARLOS,9h 35min
GO,RS,1868,CALDAS NOVAS,PORTO ALEGRE,19h 58min
RS,SP,1315,BENTO GONCALVES,RIBEIRAO PRETO,14h 59min
SP,AL,2310,CAMPOS DO JORDAO,MACEIO,28h 0min
AC,BA,4544,RIO BRANCO,SALVADOR,
RJ,RJ,250,PARATY,RIO DE JANEIRO,
SP,RJ,548,HOLAMBRA,PETROPOLIS,
SP,MT,1669,CAMPOS DO JORDAO,CUIABA,20h 53min
SP,RO,2883,HOLAMBRA,PORTO VELHO,38h 0min
AM,SP,3965,MANAUS,SANTOS,
RS,RJ,1572,PORTO ALEGRE,RIO DE JANEIRO,16h 28min
RS,MA,3961,BENTO GONCALVES,SAO LUIS,50h 0min
MS,AP,3651,BONITO,MACAPA,85h 0min
SP,RR,4383,ARARAQUARA,BOA VISTA,62h 0min
MT,RN,3543,CUIABA,NATAL,46h 0min
RS,RS,429,BENTO GONCALVES,RIO GRANDE,5h 50min
SC,AP,4129,FLORIANOPOLIS,MACAPA,
SP,SP,326,BARRETOS,HOLAMBRA,3h 29min
RN,SP,3039,NATAL,SANTOS,35h 0min
AP,RJ,3698,MACAPA,PARATY,82h 0min
DF,RJ,1166,BRASILIA,RIO DE JANEIRO,12h 14min
RR,SP,4455,BOA VISTA,RIBEIRAO PRETO,
GO,MG,943,CALDAS NOVAS,MARIANA,10h 43min
RS,DF,2007,BENTO GONCALVES,BRASILIA,22h 22min
SC,RJ,1147,FLORIANOPOLIS,PETROPOLIS,12h 25min
SC,SP,982,FLORIANOPOLIS,RIBEIRAO PRETO,10h 19min
AP,ES,3637,MACAPA,VITORIA,80h 0min
PR,AM,4018,CURITIBA,MANAUS,56h 0min
MS,SP,1162,CAMPO GRANDE,CAMPOS DO JORDAO,12h 31min
DF,RJ,1171,BRASILIA,NITEROI,12h 17min
PR,SC,303,CURITIBA,FLORIANOPOLIS,3h 26min
DF,SC,1676,BRASILIA,FLORIANOPOLIS,18h 9min
AP,SP,3250,MACAPA,SAO CARLOS,76h 0min
RS,MA,3984,GRAMADO,SAO LUIS,50h 0min
SE,PA,2048,ARACAJU,BELEM,30h 0min
RS,RO,3869,PORTO ALEGRE,PORTO VELHO,49h 0min
PR,AL,3424,FOZ DO IGUACU,MACEIO,39h 0min
MG,AL,1820,BELO HORIZONTE,MACEIO,23h 8min
PR,PE,3028,CURITIBA,RECIFE,36h 0min
RR,AL,6152,BOA VISTA,MACEIO,86h 0min
RJ,SP,437,RIO DE JANEIRO,SAO PAULO,4h 35min
MG,BA,946,MARIANA,PORTO SEGURO,13h 22min
RS,PI,3763,PORTO ALEGRE,TERESINA,47h 0min
RS,BA,3386,RIO GRANDE,SALVADOR,39h 0min
MS,CE,3156,CAMPO GRANDE,FORTALEZA,
PR,SP,618,CURITIBA,SAO CARLOS,6h 38min
SE,PE,497,ARACAJU,RECIFE,5h 41min
GO,PR,1141,CALDAS NOVAS,CURITIBA,12h 41min
PR,RJ,850,CURITIBA,NITEROI,9h 12min
MT,MA,2748,CUIABA,SAO LUIS,40h 0min
RN,PI,1108,NATAL,TERESINA,15h 25min
PA,RJ,3116,BELEM,RIO DE JANEIRO,42h 0min
MG,BA,996,BELO HORIZONTE,PORTO SEGURO,13h 43min
MS,SP,1219,BONITO,HOLAMBRA,13h 45min
GO,RJ,1179,GOIANIA,PARATY,12h 46min
PE,RO,4719,OLINDA,PORTO VELHO,63h 0min
RR,SC,5144,BOA VISTA,FLORIANOPOLIS,
MS,AC,2664,CAMPO GRANDE,RIO BRANCO,36h 0min
AM,TO,3855,MANAUS,PALMAS,58h 0min
GO,RJ,1346,GOIANIA,RIO DE JANEIRO,13h 31min
RO,PE,4713,PORTO VELHO,RECIFE,62h 0min
RJ,RS,1794,RIO DE JANEIRO,RIO GRANDE,20h 50min
PE,RJ,2253,OLINDA,PETROPOLIS,27h 0min
RJ,RJ,278,PARATY,PETROPOLIS,4h 3min
DF,TO,807,BRASILIA,PALMAS,12h 19min
RJ,ES,501,NITEROI,VITORIA,6h 36min
RS,PE,3754,PORTO ALEGRE,RECIFE,43h 0min
SC,RN,3599,FLORIANOPOLIS,NATAL,42h 0min
BA,MG,1530,PORTO SEGURO,UBERLANDIA,21h 5min
RJ,RS,1585,PETROPOLIS,PORTO ALEGRE,16h 49min
MT,AM,2350,CUIABA,MANAUS,35h 0min
PR,RJ,1483,FOZ DO IGUACU,PETROPOLIS,15h 44min
SP,MG,363,ARARAQUARA,UBERLANDIA,3h 42min
SP,AP,2993,BARRETOS,MACAPA,75h 0min
PR,MG,1027,CURITIBA,OURO PRETO,
RN,MG,2575,NATAL,UBERLANDIA,
PR,ES,1969,FOZ DO IGUACU,VITORIA,22h 1min
SP,AP,3320,LIMEIRA,MACAPA,
CE,PR,3954,FORTALEZA,FOZ DO IGUACU,46h 0min
GO,GO,170,CALDAS NOVAS,GOIANIA,1h 59min
SC,BA,2553,BLUMENAU,SALVADOR,30h 0min
SP,PR,949,BARRETOS,FOZ DO IGUACU,11h 15min
RS,RJ,1349,GRAMADO,PARATY,16h 13min
SE,ES,1362,ARACAJU,VITORIA,16h 23min
SC,MS,1391,BLUMENAU,BONITO,
RS,MG,1667,GRAMADO,OURO PRETO,19h 41min
MS,MG,1312,BONITO,UBERABA,15h 5min
TO,MG,1179,PALMAS,UBERLANDIA,
AL,RJ,2068,MACEIO,NITEROI,25h 0min
MS,BA,2504,CAMPO GRANDE,PORTO SEGURO,28h 0min
MG,AC,3683,MARIANA,RIO BRANCO,49h 0min
PR,RJ,845,CURITIBA,RIO DE JANEIRO,9h 9min
SP,RS,1462,BARRETOS,GRAMADO,16h 41min
RS,RJ,1502,GRAMADO,PETROPOLIS,17h 19min
GO,ES,1385,GOIANIA,VITORIA,
RS,RO,3690,GRAMADO,PORTO VELHO,
PR,SP,403,CURITIBA,SAO PAULO,4h 35min
MG,ES,516,BELO HORIZONTE,VITORIA,7h 55min
SP,SP,363,ARARAQUARA,SANTOS,3h 45min
RJ,SP,450,PETROPOLIS,SAO PAULO,4h 47min
GO,ES,1317,CALDAS NOVAS,VITORIA,
SC,SP,897,BLUMENAU,RIBEIRAO PRETO,9h 50min
GO,RJ,1351,GOIANIA,NITEROI,13h 35min
CE,SP,2773,FORTALEZA,RIBEIRAO PRETO,36h 0min
RN,SP,2977,NATAL,SAO PAULO,35h 0min
PB,PI,1159,JOAO PESSOA,TERESINA,16h 16min
SP,RS,1769,BARRETOS,RIO GRANDE,20h 18min
SP,SC,874,CAMPOS DO JORDAO,FLORIANOPOLIS,9h 54min
SC,BA,2138,BLUMENAU,PORTO SEGURO,25h 0min
RS,MG,1508,GRAMADO,UBERABA,16h 54min
PB,SP,2594,JOAO PESSOA,RIBEIRAO PRETO,33h 0min
SP,PE,2546,CAMPOS DO JORDAO,OLINDA,31h 0min
RN,BA,1673,NATAL,PORTO SEGURO,19h 47min
SP,RJ,556,LIMEIRA,NITEROI,5h 47min
MG,MG,658,OURO PRETO,UBERLANDIA,9h 5min
RJ,MG,994,NITEROI,UBERLANDIA,10h 0min
SP,BA,1864,CAMPOS DO JORDAO,SALVADOR,23h 11min
SC,MG,1153,FLORIANOPOLIS,UBERABA,12h 0min
AP,RN,2619,MACAPA,NATAL,66h 0min
MS,PR,761,BONITO,FOZ DO IGUACU,9h 57min
CE,MA,901,FORTALEZA,SAO LUIS,11h 34min
RS,BA,2556,BENTO GONCALVES,PORTO SEGURO,30h 0min
AM,MA,3542,MANAUS,SAO LUIS,
MG,ES,1050,UBERLANDIA,VITORIA,
TO,SP,1771,PALMAS,SAO PAULO,21h 43min
SP,BA,1771,BARRETOS,SALVADOR,24h 0min
BA,MA,2177,PORTO SEGURO,SAO LUIS,29h 0min
MG,RJ,442,BELO HORIZONTE,RIO DE JANEIRO,5h 1min
PA,SP,2929,BELEM,SAO PAULO,
AC,MG,3123,RIO BRANCO,UBERABA,41h 0min
CE,AM,4322,FORTALEZA,MANAUS,78h 0min
SP,PA,2458,BARRETOS,BELEM,36h 0min
SP,PE,2561,ARARAQUARA,RECIFE,33h 0min
PR,AM,3754,FOZ DO IGUACU,MANAUS,54h 0min
RR,MS,3831,BOA VISTA,CAMPO GRANDE,55h 0min
SC,RJ,1130,FLORIANOPOLIS,RIO DE JANEIRO,12h 5min
RS,SP,1038,GRAMADO,SANTOS,12h 31min
SC,CE,3611,FLORIANOPOLIS,FORTALEZA,42h 0min
AL,PE,257,MACEIO,RECIFE,3h 0min
RS,AC,4195,GRAMADO,RIO BRANCO,55h 0min
CE,SP,2989,FORTALEZA,SAO PAULO,35h 0min
MS,RS,1569,BONITO,GRAMADO,21h 21min
RS,PI,4069,RIO GRANDE,TERESINA,51h 0min
RR,MG,4285,BOA VISTA,UBERABA,60h 0min
RS,SP,1214,BENTO GONCALVES,CAMPOS DO JORDAO,14h 12min
AC,SP,3259,RIO BRANCO,SAO CARLOS,43h 0min
PA,PR,3309,BELEM,CURITIBA,
RS,MS,1320,BENTO GONCALVES,CAMPO GRANDE,19h 3min
AM,RJ,4296,MANAUS,PETROPOLIS,58h 0min
DF,PE,2127,BRASILIA,OLINDA,28h 0min
RJ,MG,823,PARATY,UBERLANDIA,9h 15min
RJ,MG,885,RIO DE JANEIRO,UBERABA,8h 56min
GO,MG,353,GOIANIA,UBERLANDIA,3h 34min
MS,AM,3134,BONITO,MANAUS,48h 0min
DF,AL,1892,BRASILIA,MACEIO,26h 0min
SP,RJ,683,ARARAQUARA,NITEROI,7h 4min
RR,AC,2181,BOA VISTA,RIO BRANCO,32h 0min
DF,ES,1245,BRASILIA,VITORIA,15h 12min
SP,BA,1802,RIBEIRAO PRETO,SALVADOR,24h 0min
MT,SP,1381,CUIABA,LIMEIRA,17h 51min
GO,SP,732,GOIANIA,SAO CARLOS,7h 22min
MS,RS,1465,BONITO,PORTO ALEGRE,20h 51min
AP,BA,2670,MACAPA,SALVADOR,68h 0min
SE,PR,3172,ARACAJU,FOZ DO IGUACU,36h 0min
SP,SP,439,BARRETOS,SAO PAULO,4h 23min
MS,MT,999,BONITO,CUIABA,13h 53min
GO,MG,931,CALDAS NOVAS,OURO PRETO,10h 32min
MG,TO,1528,BELO HORIZONTE,PALMAS,19h 38min
PR,PB,3146,CURITIBA,JOAO PESSOA,37h 0min
MG,AC,3769,BELO HORIZONTE,RIO BRANCO,47h 0min
GO,SC,1428,CALDAS NOVAS,FLORIANOPOLIS,
SP,SP,223,HOLAMBRA,SANTOS,2h 27min
RS,AC,4375,PORTO ALEGRE,RIO BRANCO,55h 0min
SP,SP,391,RIBEIRAO PRETO,SANTOS,4h 4min
GO,SP,945,GOIANIA,SAO PAULO,9h 24min
SC,MG,1068,BLUMENAU,UBERABA,11h 32min
PE,MG,2321,OLINDA,UBERABA,30h 0min
TO,BA,1446,PALMAS,SALVADOR,
SP,MA,2749,SAO CARLOS,SAO LUIS,36h 0min
CE,AL,1030,FORTALEZA,MACEIO,12h 37min
RJ,RO,3398,PETROPOLIS,PORTO VELHO,43h 0min
SP,SC,1021,BARRETOS,BLUMENAU,11h 20min
MS,SP,1183,BONITO,SAO PAULO,13h 22min
RJ,PI,2628,RIO DE JANEIRO,TERESINA,33h 0min
PR,TO,2200,FOZ DO IGUACU,PALMAS,28h 0min
RN,MG,2339,NATAL,OURO PRETO,28h 0min
PE,BA,815,RECIFE,SALVADOR,9h 49min
RJ,BA,1145,PETROPOLIS,PORTO SEGURO,14h 24min
PR,PI,3037,CURITIBA,TERESINA,40h 0min
MG,MG,481,BELO HORIZONTE,UBERABA,6h 34min
MT,RO,1459,CUIABA,PORTO VELHO,
MG,RJ,416,MARIANA,NITEROI,5h 5min
RS,SP,1149,BENTO GONCALVES,LIMEIRA,13h 22min
PA,BA,2136,BELEM,SALVADOR,29h 0min
PR,SP,1037,FOZ DO IGUACU,SAO PAULO,10h 58min
TO,BA,1667,PALMAS,PORTO SEGURO,
DF,MG,527,BRASILIA,UBERABA,6h 3min
PB,AP,2782,JOAO PESSOA,MACAPA,
SC,RJ,1050,BLUMENAU,NITEROI,
RS,RS,121,BENTO GONCALVES,PORTO ALEGRE,
SP,SP,53,HOLAMBRA,LIMEIRA,0h 43min
GO,RO,2388,GOIANIA,PORTO VELHO,32h 0min
TO,SP,1460,PALMAS,RIBEIRAO PRETO,18h 41min
PA,RS,3928,BELEM,BENTO GONCALVES,
GO,RS,2091,CALDAS NOVAS,RIO GRANDE,24h 0min
SP,ES,1140,SAO CARLOS,VITORIA,13h 12min
DF,GO,203,BRASILIA,GOIANIA,2h 23min
SE,MG,1563,ARACAJU,BELO HORIZONTE,20h 8min
AP,MG,3356,MACAPA,MARIANA,
SE,SP,2076,ARACAJU,ARARAQUARA,27h 0min
MS,MG,1810,BONITO,MARIANA,
MG,RJ,646,BELO HORIZONTE,PARATY,8h 4min
PE,RS,4052,RECIFE,RIO GRANDE,
SC,MA,3544,BLUMENAU,SAO LUIS,45h 0min
GO,AM,3381,CALDAS NOVAS,MANAUS,
GO,MS,942,CALDAS NOVAS,CAMPO GRANDE,13h 11min
BA,SP,2080,SALVADOR,SANTOS,24h 0min
SE,BA,327,ARACAJU,SALVADOR,4h 12min
AP,SP,3463,MACAPA,SAO PAULO,78h 0min
MA,ES,2626,SAO LUIS,VITORIA,34h 0min
RS,MG,1594,PORTO ALEGRE,UBERABA,16h 22min
RR,SP,4421,BOA VISTA,SAO CARLOS,62h 0min
SP,GO,719,ARARAQUARA,GOIANIA,7h 12min
RR,AM,784,BOA VISTA,MANAUS,
AC,SP,3504,RIO BRANCO,SAO PAULO,46h 0min
SC,MS,1190,BLUMENAU,CAMPO GRANDE,14h 58min
SP,RJ,365,HOLAMBRA,PARATY,4h 47min
AC,MA,4240,RIO BRANCO,SAO LUIS,63h 0min
PE,TO,2129,OLINDA,PALMAS,29h 0min
PR,RS,965,CURITIBA,RIO GRANDE,
RJ,SP,721,NITEROI,RIBEIRAO PRETO,7h 20min
SP,AM,3522,BARRETOS,MANAUS,51h 0min
GO,AC,2894,GOIANIA,RIO BRANCO,38h 0min
GO,MT,1033,CALDAS NOVAS,CUIABA,13h 44min
SP,ES,854,CAMPOS DO JORDAO,VITORIA,10h 39min
SP,ES,1035,HOLAMBRA,VITORIA,12h 8min
SE,TO,1635,ARACAJU,PALMAS,23h 32min
RS,SC,486,BENTO GONCALVES,BLUMENAU,6h 36min
RJ,SP,641,NITEROI,SAO CARLOS,6h 36min
PB,SP,2884,JOAO PESSOA,SAO CARLOS,34h 0min
GO,PE,2328,GOIANIA,OLINDA,31h 0min
PR,RJ,1330,FOZ DO IGUACU,PARATY,14h 37min
RJ,SP,470,PARATY,SAO CARLOS,5h 51min
MG,PI,2363,MARIANA,TERESINA,31h 0min
SP,AM,3605,ARARAQUARA,MANAUS,51h 0min
MT,AC,1964,CUIABA,RIO BRANCO,26h 0min
MS,BA,3124,BONITO,SALVADOR,36h 0min
RJ,ES,754,PARATY,VITORIA,10h 18min
SP,RJ,568,LIMEIRA,PETROPOLIS,6h 3min
SP,TO,1302,BARRETOS,PALMAS,18h 16min
TO,RO,2960,PALMAS,PORTO VELHO,
MS,MG,1597,CAMPO GRANDE,OURO PRETO,17h 33min
SP,SP,173,LIMEIRA,RIBEIRAO PRETO,1h 48min
SE,PI,1141,ARACAJU,TERESINA,
RJ,AC,3896,NITEROI,RIO BRANCO,
MS,RS,1635,CAMPO GRANDE,RIO GRANDE,23h 20min
PB,AL,374,JOAO PESSOA,MACEIO,4h 33min
RS,MG,1589,BENTO GONCALVES,UBERLANDIA,17h 39min
PR,RJ,1471,FOZ DO IGUACU,NITEROI,15h 28min
SP,PI,2857,CAMPOS DO JORDAO,TERESINA,37h 0min
PA,SC,3597,BELEM,FLORIANOPOLIS,47h 0min
SP,RN,2733,BARRETOS,NATAL,35h 0min
PE,MG,2298,OLINDA,UBERLANDIA,30h 0min
PR,PR,632,CURITIBA,FOZ DO IGUACU,7h 23min
PB,BA,1505,JOAO PESSOA,PORTO SEGURO,18h 1min
PA,CE,1577,BELEM,FORTALEZA,21h 0min
RR,RS,5464,BOA VISTA,RIO GRANDE,78h 0min
SP,MG,627,CAMPOS DO JORDAO,UBERABA,6h 29min
MA,MG,2368,SAO LUIS,UBERLANDIA,33h 0min
SP,CE,2837,CAMPOS DO JORDAO,FORTALEZA,34h 0min
RS,RS,320,PORTO ALEGRE,RIO GRANDE,4h 26min
SE,AC,4731,ARACAJU,RIO BRANCO,
MS,MT,702,CAMPO GRANDE,CUIABA,9h 22min
SP,RS,1229,CAMPOS DO JORDAO,GRAMADO,14h 46min
SC,SP,722,BLUMENAU,HOLAMBRA,8h 9min
SP,RO,3126,CAMPOS DO JORDAO,PORTO VELHO,41h 0min
CE,BA,1716,FORTALEZA,PORTO SEGURO,20h 38min
SP,RR,4300,BARRETOS,BOA VISTA,61h 0min
PR,RJ,862,CURITIBA,PETROPOLIS,9h 28min
AM,MG,4294,MANAUS,MARIANA,58h 0min
PE,PI,1130,RECIFE,TERESINA,16h 33min
SP,PB,2780,HOLAMBRA,JOAO PESSOA,33h 0min
AL,MA,1619,MACEIO,SAO LUIS,23h 16min
SP,MG,547,CAMPOS DO JORDAO,MARIANA,7h 12min
RS,SP,1258,GRAMADO,SAO CARLOS,14h 29min
DF,AC,3098,BRASILIA,RIO BRANCO,41h 0min
SP,MG,385,HOLAMBRA,UBERABA,4h 1min
MT,PB,3374,CUIABA,JOAO PESSOA,44h 0min
RJ,RJ,69,PETROPOLIS,RIO DE JANEIRO,0h 50min
MS,MA,3150,BONITO,SAO LUIS,45h 0min
RS,MG,1680,GRAMADO,MARIANA,19h 52min
SP,PR,586,CAMPOS DO JORDAO,CURITIBA,6h 54min
SP,AL,2434,HOLAMBRA,MACEIO,29h 0min
GO,AC,2995,CALDAS NOVAS,RIO BRANCO,
RR,PR,4844,BOA VISTA,CURITIBA,67h 0min
RS,TO,2794,GRAMADO,PALMAS,
CE,RJ,2607,FORTALEZA,RIO DE JANEIRO,31h 0min
TO,MA,1257,PALMAS,SAO LUIS,18h 30min
MG,MG,109,UBERABA,UBERLANDIA,1h 14min
RS,SP,1021,BENTO GONCALVES,SAO PAULO,12h 12min
SP,SP,244,CAMPOS DO JORDAO,SANTOS,2h 52min
GO,PI,1868,GOIANIA,TERESINA,27h 0min
SP,MA,2492,BARRETOS,SAO LUIS,
RR,PR,4534,BOA VISTA,FOZ DO IGUACU,65h 0min
CE,RN,519,FORTALEZA,NATAL,
PR,RS,819,FOZ DO IGUACU,GRAMADO,12h 41min
AP,BA,3178,MACAPA,PORTO SEGURO,75h 0min
AC,RS,4338,RIO BRANCO,RIO GRANDE,
PR,CE,3326,CURITIBA,FORTALEZA,
MS,PB,3716,CAMPO GRANDE,JOAO PESSOA,43h 0min
MS,AC,2574,BONITO,RIO BRANCO,
SP,MG,488,HOLAMBRA,UBERLANDIA,5h 0min
RJ,TO,1967,NITEROI,PALMAS,24h 0min
SP,RJ,828,BARRETOS,RIO DE JANEIRO,8h 30min
PA,RJ,3163,BELEM,PARATY,
RS,RS,106,BENTO GONCALVES,GRAMADO,1h 38min
SP,RJ,551,LIMEIRA,RIO DE JANEIRO,5h 44min
RJ,SP,357,PARATY,SANTOS,4h 39min
SP,MG,674,HOLAMBRA,MARIANA,7h 40min
CE,AP,2110,FORTALEZA,MACAPA,60h 0min
PR,BA,2978,FOZ DO IGUACU,SALVADOR,34h 0min
AC,ES,4282,RIO BRANCO,VITORIA,55h 0min
SP,MG,238,BARRETOS,UBERLANDIA,3h 9min
RN,MG,2597,NATAL,UBERABA,34h 0min
DF,SP,795,BRASILIA,SAO CARLOS,8h 40min
RO,SP,2786,PORTO VELHO,RIBEIRAO PRETO,36h 0min
MT,RS,2339,CUIABA,RIO GRANDE,32h 0min
RJ,BA,1635,RIO DE JANEIRO,SALVADOR,19h 53min
PA,SP,2783,BELEM,LIMEIRA,38h 0min
GO,PB,2440,GOIANIA,JOAO PESSOA,
GO,RJ,994,CALDAS NOVAS,PARATY,11h 36min
SE,RJ,1759,ARACAJU,PETROPOLIS,
SP,MG,665,SANTOS,UBERLANDIA,6h 42min
SC,ES,1549,BLUMENAU,VITORIA,
SC,MG,1227,BLUMENAU,OURO PRETO,14h 18min
DF,BA,1446,BRASILIA,SALVADOR,
SE,SP,2170,ARACAJU,HOLAMBRA,26h 0min
CE,BA,1209,FORTALEZA,SALVADOR,
MG,ES,992,UBERABA,VITORIA,14h 23min
MG,MT,1807,BELO HORIZONTE,CUIABA,20h 57min
RN,TO,2210,NATAL,PALMAS,32h 0min
MG,PE,2052,MARIANA,OLINDA,25h 0min
GO,SP,547,CALDAS NOVAS,SAO CARLOS,
SP,BA,1644,LIMEIRA,PORTO SEGURO,
SP,MA,3103,CAMPOS DO JORDAO,SAO LUIS,40h 0min
GO,MG,465,GOIANIA,UBERABA,4h 45min
RS,SP,1338,GRAMADO,RIBEIRAO PRETO,15h 13min
PR,RS,743,CURITIBA,PORTO ALEGRE,7h 43min
PR,MG,1167,FOZ DO IGUACU,UBERABA,12h 41min
PR,AL,2799,CURITIBA,MACEIO,33h 0min
DF,MG,871,BRASILIA,MARIANA,9h 20min
GO,RJ,1238,GOIANIA,PETROPOLIS,13h 16min
SP,MS,708,BARRETOS,CAMPO GRANDE,9h 32min
PB,RN,183,JOAO PESSOA,NATAL,2h 4min
SP,ES,1181,ARARAQUARA,VITORIA,
SP,MA,2861,HOLAMBRA,SAO LUIS,38h 0min
SC,CE,3526,BLUMENAU,FORTALEZA,42h 0min
SE,RN,784,ARACAJU,NATAL,8h 59min
AP,SP,3538,MACAPA,SANTOS,
RJ,MA,2992,PETROPOLIS,SAO LUIS,39h 0min
AM,RJ,4285,MANAUS,NITEROI,58h 0min
PB,SP,2797,JOAO PESSOA,LIMEIRA,33h 0min
PA,MG,2821,BELEM,MARIANA,39h 0min
SP,AC,3220,ARARAQUARA,RIO BRANCO,
GO,RJ,1166,CALDAS NOVAS,NITEROI,
PB,PE,118,JOAO PESSOA,RECIFE,1h 34min
GO,MG,999,GOIANIA,OURO PRETO,10h 51min
RJ,PE,2517,PARATY,RECIFE,30h 0min
RJ,RS,1629,PARATY,RIO GRANDE,
AL,MG,2063,MACEIO,UBERLANDIA,27h 0min
AC,RJ,3894,RIO BRANCO,RIO DE JANEIRO,50h 0min
RR,MA,4318,BOA VISTA,SAO LUIS,
TO,PI,1108,PALMAS,TERESINA,16h 51min
SP,SC,870,ARARAQUARA,BLUMENAU,9h 51min
CE,TO,1695,FORTALEZA,PALMAS,25h 0min
AL,SP,2539,MACEIO,SAO CARLOS,30h 0min
RR,SP,4667,BOA VISTA,SAO PAULO,65h 0min
RN,BA,1098,NATAL,SALVADOR,13h 5min
RO,BA,4038,PORTO VELHO,SALVADOR,55h 0min
SE,RJ,1825,ARACAJU,RIO DE JANEIRO,
PB,MG,2164,JOAO PESSOA,MARIANA,
PR,MG,971,CURITIBA,UBERLANDIA,10h 2min
AL,BA,586,MACEIO,SALVADOR,
SP,DF,781,ARARAQUARA,BRASILIA,8h 25min
PA,TO,1223,BELEM,PALMAS,
RJ,SP,443,NITEROI,SAO PAULO,4h 41min
SP,RN,2949,HOLAMBRA,NATAL,34h 0min
MT,SP,1296,CUIABA,SAO CARLOS,
PR,PE,3034,CURITIBA,OLINDA,36h 0min
DF,SP,1008,BRASILIA,SAO PAULO,10h 42min
SC,SP,732,BLUMENAU,LIMEIRA,8h 14min
PE,ES,1856,OLINDA,VITORIA,22h 4min
PR,SP,697,CURITIBA,RIBEIRAO PRETO,7h 22min
SE,MG,1569,ARACAJU,OURO PRETO,19h 57min
PB,RJ,2633,JOAO PESSOA,PARATY,32h 0min
AM,ES,4668,MANAUS,VITORIA,
PB,RO,4828,JOAO PESSOA,PORTO VELHO,64h 0min
RJ,MG,899,PETROPOLIS,UBERABA,9h 7min
SC,AL,3084,FLORIANOPOLIS,MACEIO,36h 0min
PB,PE,115,JOAO PESSOA,OLINDA,1h 29min
GO,AL,2206,CALDAS NOVAS,MACEIO,28h 0min
RR,SP,4506,BOA VISTA,LIMEIRA,63h 0min
RS,GO,1759,BENTO GONCALVES,CALDAS NOVAS,20h 1min
SP,MG,808,ARARAQUARA,OURO PRETO,8h 58min
TO,RJ,2005,PALMAS,PARATY,25h 0min
MS,BA,2923,CAMPO GRANDE,SALVADOR,33h 0min
SC,RJ,993,FLORIANOPOLIS,PARATY,11h 18min
AL,SP,2249,MACEIO,RIBEIRAO PRETO,29h 0min
RS,GO,1944,BENTO GONCALVES,GOIANIA,21h 8min
RS,SP,1162,GRAMADO,HOLAMBRA,
RN,AC,5501,NATAL,RIO BRANCO,73h 0min
MS,PR,1021,CAMPO GRANDE,CURITIBA,
GO,PB,2553,CALDAS NOVAS,JOAO PESSOA,32h 0min
SP,AL,2332,ARARAQUARA,MACEIO,30h 0min
PA,SP,2716,BELEM,SAO CARLOS,37h 0min
MS,SP,1091,BONITO,SAO CARLOS,12h 50min
GO,PE,2442,CALDAS NOVAS,OLINDA,
MT,MG,1933,CUIABA,OURO PRETO,22h 40min
SP,TO,1629,LIMEIRA,PALMAS,20h 13min
MG,SP,645,MARIANA,SAO PAULO,7h 42min
RS,PB,3763,BENTO GONCALVES,JOAO PESSOA,45h 0min
RR,PI,4356,BOA VISTA,TERESINA,
SE,RS,3564,ARACAJU,RIO GRANDE,42h 0min
SP,RS,1478,HOLAMBRA,RIO GRANDE,
MS,AL,3570,BONITO,MACEIO,42h 0min
RS,RS,125,GRAMADO,PORTO ALEGRE,1h 46min
MS,RO,2242,BONITO,PORTO VELHO,33h 0min
RJ,BA,1622,NITEROI,SALVADOR,19h 49min
PA,RS,4259,BELEM,RIO GRANDE,55h 0min
RS,ES,1966,BENTO GONCALVES,VITORIA,23h 22min
RO,MA,3734,PORTO VELHO,SAO LUIS,56h 0min
BA,MA,1659,SALVADOR,SAO LUIS,22h 37min
RJ,SP,729,PETROPOLIS,RIBEIRAO PRETO,
AM,PE,5605,MANAUS,RECIFE,77h 0min
DF,PB,2239,BRASILIA,JOAO PESSOA,30h 0min
SP,MA,3038,SANTOS,SAO LUIS,39h 0min
CE,GO,2316,FORTALEZA,GOIANIA,34h 0min
PA,MA,584,BELEM,SAO LUIS,10h 11min
SP,RS,1396,ARARAQUARA,PORTO ALEGRE,14h 37min
SP,MA,2651,RIBEIRAO PRETO,SAO LUIS,35h 0min
MS,MG,842,CAMPO GRANDE,UBERABA,11h 37min
SP,PE,2539,CAMPOS DO JORDAO,RECIFE,31h 0min
DF,GO,349,BRASILIA,CALDAS NOVAS,4h 4min
SP,AM,3733,LIMEIRA,MANAUS,53h 0min
SP,AM,4017,CAMPOS DO JORDAO,MANAUS,56h 0min
AP,RJ,3656,MACAPA,NITEROI,81h 0min
GO,MG,1011,GOIANIA,MARIANA,11h 2min
SP,SP,88,ARARAQUARA,RIBEIRAO PRETO,1h 0min
SP,RS,1312,ARARAQUARA,GRAMADO,15h 12min
RJ,RS,1406,PARATY,PORTO ALEGRE,15h 58min
RJ,ES,519,RIO DE JANEIRO,VITORIA,6h 50min
SP,TO,1913,CAMPOS DO JORDAO,PALMAS,23h 13min
RS,MG,1657,BENTO GONCALVES,MARIANA,19h 37min
DF,RJ,1242,BRASILIA,PARATY,14h 4min
MG,AC,3672,OURO PRETO,RIO BRANCO,
BA,ES,587,PORTO SEGURO,VITORIA,7h 9min
RN,PE,282,NATAL,OLINDA,
DF,RO,2592,BRASILIA,PORTO VELHO,34h 0min
PA,DF,1965,BELEM,BRASILIA,
BA,RO,3990,PORTO SEGURO,PORTO VELHO,54h 0min
SE,GO,1836,ARACAJU,GOIANIA,25h 0min
PB,TO,2238,JOAO PESSOA,PALMAS,30h 0min
SE,AM,5116,ARACAJU,MANAUS,72h 0min
SC,SP,598,BLUMENAU,SANTOS,7h 9min
SE,SP,2110,ARACAJU,CAMPOS DO JORDAO,25h 0min
MT,PR,1409,CUIABA,FOZ DO IGUACU,
MS,MG,857,CAMPO GRANDE,UBERLANDIA,11h 47min
SP,MG,376,SAO CARLOS,UBERLANDIA,3h 50min
RJ,SP,512,PETROPOLIS,SANTOS,5h 32min
RO,RJ,3387,PORTO VELHO,RIO DE JANEIRO,43h 0min
RS,SP,1124,PORTO ALEGRE,SANTOS,11h 59min
RR,TO,4632,BOA VISTA,PALMAS,68h 0min
MG,MG,610,MARIANA,UBERABA,8h 23min
AL,RS,3823,MACEIO,RIO GRANDE,45h 0min
DF,SP,1150,BRASILIA,CAMPOS DO JORDAO,
PE,SP,2485,OLINDA,RIBEIRAO PRETO,32h 0min
SP,PB,2657,CAMPOS DO JORDAO,JOAO PESSOA,32h 0min
SP,RJ,662,BARRETOS,PARATY,7h 45min
RJ,RJ,76,NITEROI,PETROPOLIS,1h 3min
SP,PE,2446,BARRETOS,RECIFE,32h 0min
GO,SP,844,GOIANIA,HOLAMBRA,8h 30min
RR,MG,4173,BOA VISTA,UBERLANDIA,59h 0min
PR,PI,3335,FOZ DO IGUACU,TERESINA,43h 0min
PI,MG,2072,TERESINA,UBERLANDIA,30h 0min
PA,PI,909,BELEM,TERESINA,13h 27min
SP,RO,2631,BARRETOS,PORTO VELHO,36h 0min
AL,PI,1188,MACEIO,TERESINA,17h 9min
RS,AM,4370,BENTO GONCALVES,MANAUS,63h 0min
MS,MS,297,BONITO,CAMPO GRANDE,4h 31min
GO,BA,1647,GOIANIA,SALVADOR,23h 5min
SE,RS,3233,ARACAJU,BENTO GONCALVES,38h 0min
SC,TO,2438,FLORIANOPOLIS,PALMAS,
MT,SP,1541,CUIABA,SAO PAULO,19h 18min
RJ,RJ,22,NITEROI,RIO DE JANEIRO,0h 18min
RS,SP,1436,RIO GRANDE,SAO PAULO,15h 39min
SC,PE,3313,FLORIANOPOLIS,RECIFE,38h 0min
SE,MG,1561,ARACAJU,MARIANA,
SP,AP,3361,HOLAMBRA,MACAPA,77h 0min
SC,RJ,1045,BLUMENAU,RIO DE JANEIRO,11h 37min
SE,GO,1950,ARACAJU,CALDAS NOVAS,25h 0min
MS,TO,1960,BONITO,PALMAS,27h 0min
RS,SP,1424,PORTO ALEGRE,RIBEIRAO PRETO,14h 41min
PA,AP,538,BELEM,MACAPA,39h 0min
RJ,SP,635,RIO DE JANEIRO,SAO CARLOS,
RS,PI,3677,GRAMADO,TERESINA,48h 0min
PR,AP,3844,CURITIBA,MACAPA,82h 0min
GO,BA,1760,CALDAS NOVAS,SALVADOR,22h 50min
RS,SP,1015,BENTO GONCALVES,SANTOS,
PR,AP,3891,FOZ DO IGUACU,MACAPA,85h 0min
MT,PE,3262,CUIABA,OLINDA,42h 0min
MG,RN,2335,BELO HORIZONTE,NATAL,28h 0min
SP,MG,142,BARRETOS,UBERABA,2h 14min
MS,AL,3369,CAMPO GRANDE,MACEIO,39h 0min
DF,RS,2116,BRASILIA,PORTO ALEGRE,
MS,PB,3916,BONITO,JOAO PESSOA,45h 0min
PE,MA,1672,OLINDA,SAO LUIS,21h 1min
SP,RS,1288,ARARAQUARA,BENTO GONCALVES,14h 57min
BA,RJ,1110,PORTO SEGURO,RIO DE JANEIRO,14h 3min
RS,SP,1431,RIO GRANDE,SANTOS,
PA,GO,2148,BELEM,CALDAS NOVAS,32h 0min
SC,PB,3346,BLUMENAU,JOAO PESSOA,39h 0min
RJ,RO,3390,NITEROI,PORTO VELHO,
GO,RN,2722,CALDAS NOVAS,NATAL,33h 0min
DF,RN,2407,BRASILIA,NATAL,31h 0min
RS,PE,3652,BENTO GONCALVES,OLINDA,43h 0min
BA,BA,593,PORTO SEGURO,SALVADOR,8h 26min
SP,RS,1481,LIMEIRA,RIO GRANDE,17h 32min
AP,AM,3074,MACAPA,MANAUS,47h 0min
PR,PE,3659,FOZ DO IGUACU,OLINDA,42h 0min
RR,BA,5706,BOA VISTA,SALVADOR,80h 0min
RR,MG,5058,BOA VISTA,OURO PRETO,68h 0min
SP,MG,730,CAMPOS DO JORDAO,UBERLANDIA,7h 28min
SP,RJ,536,HOLAMBRA,NITEROI,5h 35min
MS,AP,3354,CAMPO GRANDE,MACAPA,80h 0min
GO,PE,2435,CALDAS NOVAS,RECIFE,30h 0min
RR,AP,2292,BOA VISTA,MACAPA,
SE,DF,1637,ARACAJU,BRASILIA,23h 4min
RS,AP,4485,GRAMADO,MACAPA,90h 0min
SP,MT,1174,BARRETOS,CUIABA,
RS,MG,1611,GRAMADO,UBERLANDIA,17h 53min
SP,ES,1054,LIMEIRA,VITORIA,12h 20min
RS,RJ,1486,GRAMADO,RIO DE JANEIRO,17h 0min
PB,MG,2430,JOAO PESSOA,UBERABA,32h 0min
RS,MG,1697,PORTO ALEGRE,UBERLANDIA,17h 21min
MT,PR,1719,CUIABA,CURITIBA,21h 13min
MS,PE,3805,BONITO,OLINDA,
RR,PB,6499,BOA VISTA,JOAO PESSOA,90h 0min
GO,RS,2276,GOIANIA,RIO GRANDE,25h 0min
MA,SP,2961,SAO LUIS,SAO PAULO,39h 0min
SC,AC,3849,BLUMENAU,RIO BRANCO,51h 0min
SP,PE,2669,HOLAMBRA,OLINDA,31h 0min
RS,PE,3645,BENTO GONCALVES,RECIFE,43h 0min
RS,RJ,1326,BENTO GONCALVES,PARATY,
SC,MG,1239,BLUMENAU,MARIANA,14h 29min
SP,MG,694,LIMEIRA,MARIANA,
MS,MG,1798,BONITO,OURO PRETO,
MS,RJ,1417,CAMPO GRANDE,NITEROI,15h 8min
GO,AM,3280,GOIANIA,MANAUS,47h 0min
PR,SP,995,FOZ DO IGUACU,RIBEIRAO PRETO,10h 57min
SP,SC,1107,BARRETOS,FLORIANOPOLIS,11h 49min
SP,SP,514,BARRETOS,SANTOS,5h 15min
AL,AC,4989,MACEIO,RIO BRANCO,67h 0min
MS,RS,1584,CAMPO GRANDE,GRAMADO,19h 26min
RR,RS,5584,BOA VISTA,PORTO ALEGRE,74h 0min
SP,AL,2217,BARRETOS,MACEIO,30h 0min
PR,MG,1664,FOZ DO IGUACU,MARIANA,18h 3min
SC,SP,683,FLORIANOPOLIS,SANTOS,7h 37min
SP,SC,956,ARARAQUARA,FLORIANOPOLIS,
SP,SP,157,ARARAQUARA,BARRETOS,1h 41min
MG,MG,540,BELO HORIZONTE,UBERLANDIA,7h 25min
RR,BA,5660,BOA VISTA,PORTO SEGURO,79h 0min
SP,SP,102,RIBEIRAO PRETO,SAO CARLOS,1h 8min
MS,SP,1363,BONITO,CAMPOS DO JORDAO,15h 16min
SP,RJ,678,ARARAQUARA,RIO DE JANEIRO,7h 1min
MS,SP,872,CAMPO GRANDE,LIMEIRA,10h 33min
RS,SP,1236,BENTO GONCALVES,SAO CARLOS,14h 15min
PB,BA,930,JOAO PESSOA,SALVADOR,11h 19min
SP,MG,562,SANTOS,UBERABA,5h 43min
SP,SP,175,ARARAQUARA,HOLAMBRA,1h 59min
RS,MA,4070,PORTO ALEGRE,SAO LUIS,
PA,SC,3511,BELEM,BLUMENAU,
CE,PB,672,FORTALEZA,JOAO PESSOA,8h 22min
SC,SP,816,FLORIANOPOLIS,LIMEIRA,8h 42min
SC,RO,3343,BLUMENAU,PORTO VELHO,
MG,TO,1652,OURO PRETO,PALMAS,21h 22min
SP,RJ,355,CAMPOS DO JORDAO,NITEROI,4h 6min
SE,SP,1961,ARACAJU,BARRETOS,27h 0min
RJ,MA,3046,NITEROI,SAO LUIS,
MA,PI,432,SAO LUIS,TERESINA,6h 11min
BA,MG,1471,PORTO SEGURO,UBERABA,20h 14min
MS,PE,3604,CAMPO GRANDE,OLINDA,41h 0min
SP,TO,1671,HOLAMBRA,PALMAS,20h 45min
MG,AM,4155,BELO HORIZONTE,MANAUS,56h 0min
SP,MG,820,ARARAQUARA,MARIANA,9h 9min
RN,MA,1420,NATAL,SAO LUIS,18h 12min
SE,BA,902,ARACAJU,PORTO SEGURO,10h 54min
AM,PI,3580,MANAUS,TERESINA,69h 0min
AL,RN,543,MACEIO,NATAL,6h 18min
MS,MG,1609,CAMPO GRANDE,MARIANA,
MG,RS,1977,OURO PRETO,RIO GRANDE,23h 46min
RR,PE,6388,BOA VISTA,OLINDA,88h 0min
AM,RN,5891,MANAUS,NATAL,81h 0min
SP,RS,1619,ARARAQUARA,RIO GRANDE,18h 49min
CE,RS,4039,FORTALEZA,GRAMADO,48h 0min
PR,SP,531,CURITIBA,LIMEIRA,5h 45min
SP,GO,1086,CAMPOS DO JORDAO,GOIANIA,10h 57min
RR,MT,3128,BOA VISTA,CUIABA,45h 0min
RR,MS,3911,BOA VISTA,BONITO,59h 0min
RJ,RS,1577,NITEROI,PORTO ALEGRE,16h 43min
RS,BA,3079,PORTO ALEGRE,SALVADOR,35h 0min
RS,RJ,1463,BENTO GONCALVES,RIO DE JANEIRO,16h 46min
MG,MG,12,MARIANA,OURO PRETO,0h 15min
RJ,RO,3219,PARATY,PORTO VELHO,
MT,RS,2282,CUIABA,GRAMADO,28h 0min
PB,MG,2171,JOAO PESSOA,OURO PRETO,27h 0min
SC,RN,3514,BLUMENAU,NATAL,41h 0min
MS,PE,3799,BONITO,RECIFE,44h 0min
RS,BA,2993,GRAMADO,SALVADOR,36h 0min
DF,SP,697,BRASILIA,RIBEIRAO PRETO,7h 40min
RS,AC,3984,BENTO GONCALVES,RIO BRANCO,
MG,MG,669,MARIANA,UBERLANDIA,9h 14min
PE,AC,5218,RECIFE,RIO BRANCO,69h 0min
TO,RJ,1959,PALMAS,RIO DE JANEIRO,
AM,RJ,4280,MANAUS,RIO DE JANEIRO,58h 0min
GO,CE,2734,CALDAS NOVAS,FORTALEZA,34h 0min
PR,RJ,709,CURITIBA,PARATY,8h 22min
RS,SP,1139,BENTO GONCALVES,HOLAMBRA,13h 18min
SP,GO,408,BARRETOS,CALDAS NOVAS,5h 31min
AP,RS,4794,MACAPA,RIO GRANDE,94h 0min
SC,PR,933,FLORIANOPOLIS,FOZ DO IGUACU,10h 38min
RS,MA,4376,RIO GRANDE,SAO LUIS,54h 0min
PE,MA,1676,RECIFE,SAO LUIS,21h 5min
SE,MS,3300,ARACAJU,BONITO,39h 0min
SC,RJ,1062,BLUMENAU,PETROPOLIS,11h 57min
SC,MG,1171,BLUMENAU,UBERLANDIA,12h 30min
SC,BA,2223,FLORIANOPOLIS,PORTO SEGURO,25h 0min
MG,MG,147,BELO HORIZONTE,MARIANA,
BA,SP,2018,SALVADOR,SAO PAULO,23h 44min
PA,MG,2684,BELEM,BELO HORIZONTE,37h 0min
GO,RS,2053,GOIANIA,PORTO ALEGRE,21h 8min
PR,TO,2154,CURITIBA,PALMAS,25h 0min
MG,SP,698,OURO PRETO,SANTOS,8h 27min
RR,ES,5445,BOA VISTA,VITORIA,74h 0min
PA,MS,2822,BELEM,CAMPO GRANDE,
PE,SP,2775,OLINDA,SAO CARLOS,
MG,PB,2167,BELO HORIZONTE,JOAO PESSOA,27h 0min
SP,PI,2554,HOLAMBRA,TERESINA,35h 0min
PR,RN,3939,FOZ DO IGUACU,NATAL,45h 0min
SP,MG,534,CAMPOS DO JORDAO,OURO PRETO,7h 1min
PR,ES,1349,CURITIBA,VITORIA,15h 45min
PI,MG,2176,TERESINA,UBERABA,31h 0min
CE,RJ,2812,FORTALEZA,PARATY,34h 0min
SC,SP,603,BLUMENAU,SAO PAULO,7h 3min
SP,SP,214,HOLAMBRA,RIBEIRAO PRETO,2h 20min
DF,MG,858,BRASILIA,OURO PRETO,9h 10min
SP,RS,1438,BARRETOS,BENTO GONCALVES,16h 26min
BA,MG,1615,SALVADOR,UBERLANDIA,22h 30min
SP,MG,763,BARRETOS,OURO PRETO,10h 3min
DF,PI,1680,BRASILIA,TERESINA,
PE,SP,2768,RECIFE,SAO CARLOS,33h 0min
AL,ES,1620,MACEIO,VITORIA,19h 29min
PE,RJ,2313,RECIFE,RIO DE JANEIRO,27h 0min
RJ,MG,989,RIO DE JANEIRO,UBERLANDIA,9h 55min
GO,TO,995,CALDAS NOVAS,PALMAS,
RO,MG,2617,PORTO VELHO,UBERABA,35h 0min
SP,PB,2564,BARRETOS,JOAO PESSOA,34h 0min
PE,BA,1396,OLINDA,PORTO SEGURO,16h 35min
MS,RJ,1275,CAMPO GRANDE,PARATY,14h 17min
MS,CE,4097,BONITO,FORTALEZA,48h 0min
MT,MG,1945,CUIABA,MARIANA,
SC,RS,458,FLORIANOPOLIS,PORTO ALEGRE,4h 31min
RO,SP,2998,PORTO VELHO,SAO PAULO,39h 0min
BA,PI,1228,SALVADOR,TERESINA,16h 30min
PB,RJ,2413,JOAO PESSOA,NITEROI,29h 0min
SE,MT,2768,ARACAJU,CUIABA,37h 0min
RR,GO,4060,BOA VISTA,GOIANIA,57h 0min
CE,RJ,2592,FORTALEZA,NITEROI,31h 0min
RS,BA,2970,BENTO GONCALVES,SALVADOR,35h 0min
DF,RS,2338,BRASILIA,RIO GRANDE,26h 0min
MS,RS,1653,BONITO,RIO GRANDE,23h 14min
SP,PE,2663,HOLAMBRA,RECIFE,31h 0min
AM,PE,5611,MANAUS,OLINDA,78h 0min
PR,BA,1938,CURITIBA,PORTO SEGURO,22h 51min
SC,AM,4234,BLUMENAU,MANAUS,59h 0min
RS,RR,5147,BENTO GONCALVES,BOA VISTA,74h 0min
GO,SP,1020,GOIANIA,SANTOS,10h 16min
RS,RN,3955,GRAMADO,NATAL,47h 0min
RJ,PE,2304,NITEROI,OLINDA,27h 0min
SP,BA,1771,ARARAQUARA,PORTO SEGURO,20h 43min
PR,MG,1270,FOZ DO IGUACU,UBERLANDIA,13h 39min
BA,AC,4496,PORTO SEGURO,RIO BRANCO,61h 0min
MG,DF,734,BELO HORIZONTE,BRASILIA,7h 27min
AM,BA,4930,MANAUS,SALVADOR,70h 0min
SC,RO,3428,FLORIANOPOLIS,PORTO VELHO,44h 0min
RO,SP,3073,PORTO VELHO,SANTOS,
RS,AL,3439,GRAMADO,MACEIO,41h 0min
MG,RO,3178,MARIANA,PORTO VELHO,43h 0min
RN,SP,2761,NATAL,RIBEIRAO PRETO,35h 0min
MT,AP,3045,CUIABA,MACAPA,76h 0min
SE,PB,615,ARACAJU,JOAO PESSOA,7h 10min
SP,PR,926,ARARAQUARA,FOZ DO IGUACU,10h 0min
RS,MS,1365,BENTO GONCALVES,BONITO,19h 46min
AL,BA,1161,MACEIO,PORTO SEGURO,14h 0min
GO,SP,614,CALDAS NOVAS,LIMEIRA,6h 48min
SP,AL,2453,LIMEIRA,MACEIO,29h 0min
RO,SP,2752,PORTO VELHO,SAO CARLOS,37h 0min
SP,PI,2344,RIBEIRAO PRETO,TERESINA,33h 0min
PB,RJ,2362,JOAO PESSOA,PETROPOLIS,
SC,AP,4044,BLUMENAU,MACAPA,85h 0min
RR,RJ,5061,BOA VISTA,NITEROI,69h 0min
MT,CE,3251,CUIABA,FORTALEZA,
PA,RJ,3121,BELEM,NITEROI,
SP,MG,661,HOLAMBRA,OURO PRETO,7h 30min
PR,BA,2559,FOZ DO IGUACU,PORTO SEGURO,
SE,PE,503,ARACAJU,OLINDA,5h 47min
PA,ES,3103,BELEM,VITORIA,41h 0min
SC,MG,1256,FLORIANOPOLIS,UBERLANDIA,12h 59min
MG,ES,437,OURO PRETO,VITORIA,6h 54min
SP,BA,1443,CAMPOS DO JORDAO,PORTO SEGURO,17h 45min
SC,PE,3319,FLORIANOPOLIS,OLINDA,39h 0min
MG,SP,768,OURO PRETO,SAO CARLOS,8h 45min
RR,RJ,5056,BOA VISTA,RIO DE JANEIRO,
PA,AC,3083,BELEM,RIO BRANCO,59h 0min
TO,PE,2121,PALMAS,RECIFE,29h 0min
BA,ES,1052,SALVADOR,VITORIA,13h 53min
MG,MA,2794,MARIANA,SAO LUIS,37h 0min
PE,MG,2062,OLINDA,OURO PRETO,
RJ,SP,499,RIO DE JANEIRO,SANTOS,5h 20min
PE,RJ,2319,OLINDA,RIO DE JANEIRO,27h 0min
AL,AM,5374,MACEIO,MANAUS,75h 0min
PA,SP,3071,BELEM,CAMPOS DO JORDAO,41h 0min
SP,RJ,717,RIBEIRAO PRETO,RIO DE JANEIRO,7h 19min
RN,RJ,2800,NATAL,PARATY,34h 0min
SP,RJ,531,HOLAMBRA,RIO DE JANEIRO,5h 32min
AM,MG,3397,MANAUS,UBERLANDIA,48h 0min
PA,MG,2336,BELEM,UBERLANDIA,33h 0min
SC,MT,1886,BLUMENAU,CUIABA,
TO,SP,1846,PALMAS,SANTOS,22h 35min
SP,RS,1313,CAMPOS DO JORDAO,PORTO ALEGRE,14h 11min
SP,RJ,184,CAMPOS DO JORDAO,PARATY,3h 18min
DF,MS,1044,BRASILIA,CAMPO GRANDE,13h 41min
SP,SP,278,BARRETOS,LIMEIRA,2h 56min
RR,RJ,5073,BOA VISTA,PETROPOLIS,
PR,RO,2863,FOZ DO IGUACU,PORTO VELHO,
TO,SP,1558,PALMAS,SAO CARLOS,
GO,PI,1983,CALDAS NOVAS,TERESINA,28h 0min
AP,TO,1758,MACAPA,PALMAS,58h 0min
GO,MG,280,CALDAS NOVAS,UBERABA,3h 35min
MS,SP,1132,BONITO,LIMEIRA,13h 17min
SP,MG,279,RIBEIRAO PRETO,UBERLANDIA,2h 51min
SP,PI,2442,SAO CARLOS,TERESINA,34h 0min
SP,SP,148,HOLAMBRA,SAO PAULO,1h 35min
MG,SP,642,OURO PRETO,RIBEIRAO PRETO,8h 56min
AM,SP,3645,MANAUS,SAO CARLOS,52h 0min
PB,ES,1965,JOAO PESSOA,VITORIA,23h 30min
SP,PR,579,ARARAQUARA,CURITIBA,7h 20min
AM,BA,4883,MANAUS,PORTO SEGURO,
MT,TO,1507,CUIABA,PALMAS,23h 3min
PR,AC,3633,CURITIBA,RIO BRANCO,48h 0min
RJ,RS,1808,PETROPOLIS,RIO GRANDE,21h 1min
BA,SP,2092,SALVADOR,SAO CARLOS,25h 0min
SP,SP,150,LIMEIRA,SAO PAULO,1h 37min
GO,AL,2093,GOIANIA,MACEIO,28h 0min
SC,RS,583,BLUMENAU,PORTO ALEGRE,6h 4min
PA,PR,3357,BELEM,FOZ DO IGUACU,46h 0min
MT,PE,3256,CUIABA,RECIFE,42h 0min
PE,RS,3835,OLINDA,PORTO ALEGRE,43h 0min
SP,MS,792,ARARAQUARA,CAMPO GRANDE,9h 45min
PB,RJ,2428,JOAO PESSOA,RIO DE JANEIRO,29h 0min
SP,ES,1005,SANTOS,VITORIA,11h 56min
AL,SP,2465,MACEIO,SAO PAULO,29h 0min
SE,RO,4225,ARACAJU,PORTO VELHO,57h 0min
TO,RS,3102,PALMAS,RIO GRANDE,37h 0min
RJ,MG,720,PARATY,UBERABA,
MS,TO,1663,CAMPO GRANDE,PALMAS,23h 27min
SP,PE,2682,LIMEIRA,RECIFE,31h 0min
SC,PR,217,BLUMENAU,CURITIBA,2h 57min
RS,BA,2665,PORTO ALEGRE,PORTO SEGURO,30h 0min
PA,BA,2643,BELEM,PORTO SEGURO,36h 0min
PB,RS,3944,JOAO PESSOA,PORTO ALEGRE,45h 0min
SC,DF,1589,BLUMENAU,BRASILIA,17h 14min
SP,AC,3389,HOLAMBRA,RIO BRANCO,45h 0min
RR,RJ,4890,BOA VISTA,PARATY,68h 0min
SE,SC,2816,ARACAJU,BLUMENAU,33h 0min
PE,AC,5224,OLINDA,RIO BRANCO,69h 0min
PR,MG,868,CURITIBA,UBERABA,9h 4min
MG,RJ,411,MARIANA,RIO DE JANEIRO,5h 1min
MG,SP,780,MARIANA,SAO CARLOS,8h 54min
AL,RJ,2084,MACEIO,RIO DE JANEIRO,25h 0min
SP,TO,1545,ARARAQUARA,PALMAS,19h 28min
SP,MG,763,ARARAQUARA,BELO HORIZONTE,7h 40min
PB,AC,5333,JOAO PESSOA,RIO BRANCO,71h 0min
TO,RS,2879,PALMAS,PORTO ALEGRE,33h 0min
SP,PI,2303,BARRETOS,TERESINA,
PR,GO,1373,FOZ DO IGUACU,GOIANIA,16h 21min
RJ,MG,1002,PETROPOLIS,UBERLANDIA,
RR,RO,1669,BOA VISTA,PORTO VELHO,25h 0min
MS,SC,1521,BONITO,FLORIANOPOLIS,17h 58min
RR,RN,6668,BOA VISTA,NATAL,
AP,MG,2871,MACAPA,UBERLANDIA,72h 0min
SP,MS,1055,ARARAQUARA,BONITO,12h 29min
RJ,PI,2561,PETROPOLIS,TERESINA,33h 0min
RN,RJ,2580,NATAL,NITEROI,31h 0min
MG,SC,1186,BELO HORIZONTE,BLUMENAU,13h 30min
GO,RS,1784,CALDAS NOVAS,GRAMADO,20h 32min
GO,SP,449,CALDAS NOVAS,RIBEIRAO PRETO,5h 12min
BA,SP,1530,PORTO SEGURO,SAO PAULO,18h 24min
BA,SP,1809,PORTO SEGURO,RIBEIRAO PRETO,21h 3min
RJ,SP,649,PETROPOLIS,SAO CARLOS,6h 42min
SC,SP,796,BLUMENAU,CAMPOS DO JORDAO,
PE,ES,1850,RECIFE,VITORIA,22h 0min
AP,MG,2983,MACAPA,UBERABA,74h 0min
AC,MG,3011,RIO BRANCO,UBERLANDIA,
GO,RJ,1161,CALDAS NOVAS,RIO DE JANEIRO,12h 21min
RS,AP,4462,BENTO GONCALVES,MACAPA,90h 0min
SP,RJ,511,ARARAQUARA,PARATY,6h 15min
MS,PI,3001,BONITO,TERESINA,43h 0min
SP,RJ,845,BARRETOS,PETROPOLIS,8h 49min
MG,RJ,604,OURO PRETO,PARATY,7h 55min
RS,ES,1989,GRAMADO,VITORIA,23h 36min
DF,PR,1389,BRASILIA,CURITIBA,15h 9min
SP,AC,3137,BARRETOS,RIO BRANCO,43h 0min
MS,SP,1140,BONITO,RIBEIRAO PRETO,13h 21min
SE,SP,1991,ARACAJU,RIBEIRAO PRETO,26h 0min
SE,RS,3342,ARACAJU,PORTO ALEGRE,38h 0min
SP,SP,291,CAMPOS DO JORDAO,LIMEIRA,3h 11min
AL,SP,2527,MACEIO,SANTOS,29h 0min
MS,MA,2853,CAMPO GRANDE,SAO LUIS,40h 0min
RJ,MA,3196,PARATY,SAO LUIS,42h 0min
MS,GO,840,CAMPO GRANDE,GOIANIA,
SP,MA,2819,LIMEIRA,SAO LUIS,
AP,AL,2629,MACAPA,MACEIO,69h 0min
PA,MG,2448,BELEM,UBERABA,34h 0min
PB,MG,2407,JOAO PESSOA,UBERLANDIA,
PR,GO,1327,CURITIBA,GOIANIA,13h 32min
SP,RS,1256,HOLAMBRA,PORTO ALEGRE,13h 18min
RS,RN,3932,BENTO GONCALVES,NATAL,46h 0min
PE,RJ,2524,OLINDA,PARATY,
MG,MA,2803,OURO PRETO,SAO LUIS,37h 0min
SE,SP,2195,ARACAJU,LIMEIRA,26h 0min
SP,RO,2714,ARARAQUARA,PORTO VELHO,36h 0min
AP,SP,3152,MACAPA,RIBEIRAO PRETO,
RN,RJ,2529,NATAL,PETROPOLIS,30h 0min
SP,SP,193,BARRETOS,SAO CARLOS,1h 59min
PR,SP,522,CURITIBA,HOLAMBRA,5h 41min
SP,RJ,350,CAMPOS DO JORDAO,RIO DE JANEIRO,4h 3min
SP,CE,2859,ARARAQUARA,FORTALEZA,
RJ,ES,555,PETROPOLIS,VITORIA,7h 18min
MG,RJ,331,OURO PRETO,PETROPOLIS,4h 13min
MG,PE,2049,BELO HORIZONTE,RECIFE,25h 0min
SE,SP,2281,ARACAJU,SAO CARLOS,27h 0min
MG,RS,1934,BELO HORIZONTE,RIO GRANDE,22h 28min
MS,PR,1222,BONITO,CURITIBA,
PE,SP,2694,RECIFE,SAO PAULO,
SP,MG,176,RIBEIRAO PRETO,UBERABA,1h 53min
RJ,RJ,257,NITEROI,PARATY,3h 45min
GO,SP,902,CALDAS NOVAS,CAMPOS DO JORDAO,9h 49min
MG,PI,2366,BELO HORIZONTE,TERESINA,31h 0min
GO,SP,760,CALDAS NOVAS,SAO PAULO,8h 14min
SP,RN,2847,ARARAQUARA,NATAL,
PB,AM,5719,JOAO PESSOA,MANAUS,79h 0min
SP,CE,2744,BARRETOS,FORTALEZA,36h 0min
RN,PE,286,NATAL,RECIFE,3h 20min
MS,MG,1175,BONITO,UBERLANDIA,15h 35min
SC,RJ,1135,FLORIANOPOLIS,NITEROI,12h 9min
SP,MT,1257,ARARAQUARA,CUIABA,16h 34min
MT,PI,2547,CUIABA,TERESINA,38h 0min
RJ,SP,505,NITEROI,SANTOS,5h 25min
DF,SP,1083,BRASILIA,SANTOS,11h 34min
AL,PE,263,MACEIO,OLINDA,3h 6min
SP,SP,570,BARRETOS,CAMPOS DO JORDAO,5h 57min
RS,RO,3479,BENTO GONCALVES,PORTO VELHO,
SC,PI,3321,FLORIANOPOLIS,TERESINA,43h 0min
GO,PR,1313,CALDAS NOVAS,FOZ DO IGUACU,
DF,CE,2115,BRASILIA,FORTALEZA,31h 0min
AL,MG,1827,MACEIO,OURO PRETO,23h 3min
CE,PE,774,FORTALEZA,RECIFE,9h 39min
MG,PI,2372,OURO PRETO,TERESINA,31h 0min
SC,MG,1324,FLORIANOPOLIS,MARIANA,
SP,AP,3236,ARARAQUARA,MACAPA,76h 0min
SE,RJ,2030,ARACAJU,PARATY,25h 0min
RR,PE,6381,BOA VISTA,RECIFE,88h 0min
SP,AM,3775,HOLAMBRA,MANAUS,53h 0min
SP,SP,123,BARRETOS,RIBEIRAO PRETO,1h 17min
AL,RJ,2017,MACEIO,PETROPOLIS,24h 0min
TO,RJ,1890,PALMAS,PETROPOLIS,23h 47min
SP,PR,1224,CAMPOS DO JORDAO,FOZ DO IGUACU,12h 45min
SC,RS,806,BLUMENAU,RIO GRANDE,10h 16min
PE,PE,7,OLINDA,RECIFE,0h 8min
SE,PR,2614,ARACAJU,CURITIBA,30h 0min
BA,RS,2888,PORTO SEGURO,RIO GRANDE,
CE,MG,2586,FORTALEZA,UBERLANDIA,34h 0min
MG,RR,4932,BELO HORIZONTE,BOA VISTA,66h 0min
PA,MG,2809,BELEM,OURO PRETO,39h 0min
DF,RJ,1097,BRASILIA,PETROPOLIS,11h 35min
MT,SP,1429,CUIABA,HOLAMBRA,18h 24min
SP,SP,419,ARARAQUARA,CAMPOS DO JORDAO,4h 28min
MG,TO,1663,MARIANA,PALMAS,
PA,SP,2618,BELEM,RIBEIRAO PRETO,36h 0min
AL,MG,1819,MACEIO,MARIANA,22h 53min
SP,AC,3296,RIBEIRAO PRETO,RIO BRANCO,
SE,MG,1805,ARACAJU,UBERLANDIA,
SP,BA,1603,BARRETOS,PORTO SEGURO,22h 11min
SC,SC,143,BLUMENAU,FLORIANOPOLIS,
TO,MG,1291,PALMAS,UBERABA,
SP,PI,2731,SANTOS,TERESINA,37h 0min
SP,MG,586,SAO PAULO,UBERLANDIA,5h 52min
SP,DF,656,BARRETOS,BRASILIA,7h 52min
SC,AL,2999,BLUMENAU,MACEIO,
MT,GO,935,CUIABA,GOIANIA,11h 51min
MG,RS,1766,MARIANA,PORTO ALEGRE,19h 43min
RJ,AC,3904,PETROPOLIS,RIO BRANCO,50h 0min
SE,SP,2207,ARACAJU,SAO PAULO,
RS,SP,1044,GRAMADO,SAO PAULO,12h 26min
GO,SP,634,GOIANIA,RIBEIRAO PRETO,6h 22min
RR,SP,4554,BOA VISTA,HOLAMBRA,64h 0min
RJ,MG,408,NITEROI,OURO PRETO,5h 1min
PE,SP,2762,OLINDA,SANTOS,
MG,PR,985,BELO HORIZONTE,CURITIBA,10h 59min
MG,RJ,373,BELO HORIZONTE,PETROPOLIS,4h 22min
MG,SP,726,BELO HORIZONTE,SAO CARLOS,7h 27min
BA,SP,1729,PORTO SEGURO,SAO CARLOS,20h 19min
PR,MA,3343,CURITIBA,SAO LUIS,
GO,PE,2322,GOIANIA,RECIFE,30h 0min
SP,PA,2701,ARARAQUARA,BELEM,37h 0min
DF,PE,2121,BRASILIA,RECIFE,28h 0min
SC,PE,3234,BLUMENAU,OLINDA,38h 0min
MG,PE,2046,MARIANA,RECIFE,
MG,RJ,400,OURO PRETO,RIO DE JANEIRO,4h 52min
MS,BA,2705,BONITO,PORTO SEGURO,31h 0min
RJ,SP,271,PARATY,SAO PAULO,3h 56min
PA,PE,2039,BELEM,OLINDA,29h 0min
AP,PI,1444,MACAPA,TERESINA,52h 0min
PR,RS,784,FOZ DO IGUACU,PORTO ALEGRE,11h 45min
MG,MA,2718,BELO HORIZONTE,SAO LUIS,
RR,MG,5070,BOA VISTA,MARIANA,68h 0min
PR,AC,3369,FOZ DO IGUACU,RIO BRANCO,46h 0min
SC,SP,688,FLORIANOPOLIS,SAO PAULO,7h 32min
PR,SP,1074,FOZ DO IGUACU,HOLAMBRA,11h 20min
MG,ES,429,MARIANA,VITORIA,6h 43min
SP,BA,1886,ARARAQUARA,SALVADOR,25h 0min
MG,SP,654,MARIANA,RIBEIRAO PRETO,9h 5min
AP,MA,1118,MACAPA,SAO LUIS,49h 0min
SC,BA,2638,FLORIANOPOLIS,SALVADOR,31h 0min
MS,RJ,1612,BONITO,RIO DE JANEIRO,17h 49min
PR,PE,3653,FOZ DO IGUACU,RECIFE,42h 0min
MT,SP,1617,CUIABA,SANTOS,20h 10min
RR,SP,4797,BOA VISTA,CAMPOS DO JORDAO,
RS,PI,3654,BENTO GONCALVES,TERESINA,47h 0min
AL,RO,4483,MACEIO,PORTO VELHO,60h 0min
RR,SP,4742,BOA VISTA,SANTOS,65h 0min
MG,SP,639,BELO HORIZONTE,LIMEIRA,6h 35min
MG,SP,615,BELO HORIZONTE,HOLAMBRA,6h 19min
MG,SP,633,OURO PRETO,SAO PAULO,7h 33min
PA,MT,2506,BELEM,CUIABA,37h 0min
SC,PR,848,BLUMENAU,FOZ DO IGUACU,10h 10min
RO,RS,3795,PORTO VELHO,RIO GRANDE,52h 0min
CE,AC,4738,FORTALEZA,RIO BRANCO,72h 0min
RS,PR,716,BENTO GONCALVES,FOZ DO IGUACU,11h 4min
SC,PE,3228,BLUMENAU,RECIFE,38h 0min
MT,RJ,1936,CUIABA,NITEROI,23h 28min
MS,RJ,1412,CAMPO GRANDE,RIO DE JANEIRO,15h 4min
SP,SP,135,HOLAMBRA,SAO CARLOS,1h 36min
SP,RN,2969,LIMEIRA,NATAL,
MS,DF,1340,BONITO,BRASILIA,
MG,BA,1374,BELO HORIZONTE,SALVADOR,17h 46min
AM,RS,4688,MANAUS,RIO GRANDE,67h 0min
GO,BA,1600,GOIANIA,PORTO SEGURO,22h 17min
DF,AM,3483,BRASILIA,MANAUS,49h 0min
GO,RN,2609,GOIANIA,NATAL,34h 0min
SP,MG,610,BARRETOS,BELO HORIZONTE,8h 34min
SP,MG,260,ARARAQUARA,UBERABA,2h 44min
MA,MG,2480,SAO LUIS,UBERABA,
AM,RJ,4113,MANAUS,PARATY,57h 0min
GO,SP,799,GOIANIA,LIMEIRA,
PE,SP,2756,RECIFE,SANTOS,32h 0min
PA,SP,2827,BELEM,HOLAMBRA,38h 0min
SC,RS,596,BLUMENAU,GRAMADO,
MS,SP,831,CAMPO GRANDE,SAO CARLOS,10h 5min
PA,RJ,3048,BELEM,PETROPOLIS,
DF,AP,2498,BRASILIA,MACAPA,69h 0min
